drug,auc
788210,0.957777777777778
683426,0.9533333333333334
136274,0.9527777777777778
686556,0.9450000000000001
706995,0.9450000000000001
808852,0.9361111111111112
310618,0.9294444444444444
840618,0.9283333333333335
804254,0.9266666666666667
783686,0.9261111111111111
817908,0.9216666666666666
745693,0.9144444444444446
808683,0.913888888888889
641009,0.9088888888888891
67613,0.9083333333333334
755417,0.905
832867,0.9
150290,0.8983333333333334
811266,0.8977777777777778
762445,0.8966666666666667
752361,0.8955555555555555
787794,0.89
722569,0.8811111111111112
711709,0.8811111111111112
818334,0.8783333333333333
840579,0.8783333333333333
678065,0.8772222222222223
726627,0.8766666666666666
755427,0.8733333333333333
735037,0.8716666666666667
741292,0.868888888888889
629286,0.8672222222222222
758356,0.8644444444444443
725260,0.8627777777777779
710265,0.8600000000000001
109436,0.86
710109,0.8583333333333332
783224,0.8550000000000001
681730,0.8505555555555555
724330,0.85
700559,0.8472222222222221
382032,0.8444444444444444
791349,0.8427777777777777
829979,0.8411111111111111
109156,0.8394444444444444
819174,0.8388888888888889
654898,0.8371428571428572
837752,0.8366666666666667
816600,0.8333333333333334
665101,0.8322222222222223
103231,0.8311111111111111
632913,0.8299999999999998
764232,0.8266666666666668
675574,0.8244444444444445
807347,0.8238888888888889
744650,0.8177777777777779
648648,0.8166666666666668
631197,0.8155555555555557
34661,0.8144444444444444
758249,0.8122222222222222
666160,0.8122222222222222
800746,0.8072222222222223
680421,0.7977777777777779
656715,0.7972222222222223
766401,0.79
734509,0.7855555555555556
65537,0.7772222222222221
258625,0.7744444444444445
312033,0.7694444444444445
708388,0.7577777777777778
668404,0.7527777777777779
752344,0.7522222222222222
760224,0.7500000000000001
804727,0.7494444444444444
822240,0.7483333333333333
177407,0.7427777777777778
725103,0.7233333333333334
821124,0.7233333333333334
707438,0.7183333333333334
371706,0.7166666666666668
677162,0.7150000000000001
700714,0.7094444444444445
670323,0.700952380952381
99296,0.7
403805,0.6972222222222222
355184,0.675
677277,0.6744444444444445
124749,0.6711111111111111
673914,0.6555555555555556
685874,0.6538888888888889
47714,0.6405555555555555
741088,0.6266666666666667
726148,0.6166666666666667
681185,0.6138888888888889
664947,0.5666666666666667
673135,0.5455555555555556
657727,0.5416666666666667
91513,0.5116666666666667
704238,0.4738888888888889
761264,
